[
    {
        "id":1,
        "img":"https://media-assets.swiggy.com/swiggy/image/upload/fl_lossy,f_auto,q_auto,h_600/FOOD_CATALOG/IMAGES/CMS/2024/5/30/f97758b3-b262-4c93-9242-f7c1c0e6930d_a2c18113-a0e1-4ce4-8d0b-e5371708bfe2.jpg",
        "topic":"Plain Briyani",
        "author": "By Salem RR Biriyani",
        "amt":"180"
    },
    {
        "id":2,
        "img":"https://media-assets.swiggy.com/swiggy/image/upload/fl_lossy,f_auto,q_auto,h_600/fjjnhaswbfhbkqvfqncz",
        "topic":"Chicken Briyani",
        "author": "Pechiammal restaurant",
        "amt":"340"
    },
    {
        "id":3,
        "img":"https://media-assets.swiggy.com/swiggy/image/upload/fl_lossy,f_auto,q_auto,w_208,h_208,c_fit/8f9f4c29495dae32d3c8120291f5111d",
        "topic":"Elai Chicken Briyani",
        "author": "Arasi briyani",
        "amt":"180"
    },
    {
        "id":4,
        "img":"https://media-assets.swiggy.com/swiggy/image/upload/fl_lossy,f_auto,q_auto,h_600/x4eahjovx1af3fupnjge",
        "topic":"Egg briyani",
        "author": "New Sri Sabarees",
        "amt":"130"
    },
    {
        "id":5,
        "img":"https://media-assets.swiggy.com/swiggy/image/upload/fl_lossy,f_auto,q_auto,h_600/FOOD_CATALOG/IMAGES/CMS/2024/8/21/b3c79e6e-2028-4edd-8809-f87e434c4b12_a2567c47-4d7a-4053-b627-117d5c979ab5.jpg",
        "topic":"Chicken Briyani",
        "author": "Anjappar",
        "amt":"110"
    },
    {
        "id":6,
        "img":"https://b.zmtcdn.com/data/pictures/4/20802874/7e168e969cbe6672e867dcf08e460da2_o2_featured_v2.jpg?output-format=webp&fit=around|771.75:416.25&crop=771.75:416.25;*,*",
        "topic":"Heaven Shack",
        "author": "North, Madurai",
        "amt":"80"
    },
    {
        "id":7,
        "img":"https://media-assets.swiggy.com/swiggy/image/upload/fl_lossy,f_auto,q_auto,h_600/FOOD_CATALOG/IMAGES/CMS/2024/7/11/6b49ec98-9430-4347-8fcf-0752d86427d8_e97b96c3-ee20-42f4-af66-cb1790433dc3.jpg",
        "topic":"Mutton bucket briyani (5-6)",
        "author": "madurai",
        "amt":"180"
    },
    {
        "id":8,
        "img":"https://media-assets.swiggy.com/swiggy/image/upload/fl_lossy,f_auto,q_auto,h_600/FOOD_CATALOG/IMAGES/CMS/2024/7/11/414cf74a-9cbb-4c4c-9eb7-761caca8e0aa_97ac6d49-8ae8-45c5-9d2b-9ae63a50bad2.jpg",
        "topic":"Chicken 65 briyani",
        "author": "Periyar, Madurai",
        "amt":"270"
    }




]